{
  "BaselineDemo": {
    "commits": 3,
    "totalActual": 0.32409999999981665,
    "totalBase": 0.14329999999972642,
    "maxActual": 0.2598000000016327,
    "maxBase": 0.10260000000198488
  }
}