{
  "BaselineDemo": {
    "commits": 3,
    "totalActual": 0.6511000000045897,
    "totalBase": 0.14600000000064028,
    "maxActual": 0.4019000000007509,
    "maxBase": 0.10309999999844877
  }
}