{
  "BaselineDemo": {
    "commits": 3,
    "totalActual": 0.32260000000133005,
    "totalBase": 0.15029999999933352,
    "maxActual": 0.24820000000181608,
    "maxBase": 0.1000000000003638
  }
}