{
  "BaselineDemo": {
    "commits": 3,
    "totalActual": 0.32340000000112923,
    "totalBase": 0.15229999999974098,
    "maxActual": 0.2569000000003143,
    "maxBase": 0.10939999999754946
  }
}