{
  "BaselineDemo": {
    "commits": 3,
    "totalActual": 2.6907000000001062,
    "totalBase": 0.5991999999999962,
    "maxActual": 2.146400000000085,
    "maxBase": 0.2984000000000151
  }
}